{
  "name": "angular-local-storage",
  "homepage": "http://gregpike.net/demos/angular-local-storage/demo.html",
  "authors": [
    "grevory <greg@gregpike.ca>"
  ],
  "contributors": [
    "Ariel Mashraki <ariel@mashraki.co.il>"
  ],
  "description": "An Angular module that gives you access to the browser's local storage",
  "main": "./dist/angular-local-storage.js",
  "keywords": [
    "AngularJS",
    "Angular",
    "Storage",
    "Local Storage",
    "Session",
    "Cookie"
  ],
  "license": "MIT",
  "ignore": [
    "src",
    "node_modules",
    "bower_components",
    "test",
    "tests",
    "Gruntfile.js"
  ],
  "dependencies": {
    "angular": "^1.x"
  },
  "devDependencies": {
    "angular-mocks": "^1.x"
  },
  "version": "0.5.2",
  "_release": "0.5.2",
  "_resolution": {
    "type": "version",
    "tag": "v0.5.2",
    "commit": "f0a0d6feb32bc34a15ddbe3369a04494f1f1955c"
  },
  "_source": "https://github.com/grevory/angular-local-storage.git",
  "_target": "^0.5.2",
  "_originalSource": "angular-local-storage",
  "_direct": true
}